filename,result,frame,conf
crop_0000_f00002_c0.50_55-56min.jpg,,00002,0.50
crop_0001_f00003_c0.48_55-56min.jpg,,00003,0.48
crop_0002_f00004_c0.36_55-56min.jpg,,00004,0.36
crop_0003_f00004_c0.35_55-56min.jpg,,00004,0.35
crop_0004_f00005_c0.44_55-56min.jpg,,00005,0.44
crop_0005_f00006_c0.49_55-56min.jpg,,00006,0.49
crop_0006_f00007_c0.48_55-56min.jpg,,00007,0.48
crop_0007_f00008_c0.54_55-56min.jpg,,00008,0.54
crop_0008_f00008_c0.53_55-56min.jpg,,00008,0.53
crop_0009_f00009_c0.49_55-56min.jpg,,00009,0.49
crop_0010_f00009_c0.43_55-56min.jpg,,00009,0.43
crop_0011_f00010_c0.41_55-56min.jpg,,00010,0.41
crop_0012_f00011_c0.35_55-56min.jpg,,00011,0.35
crop_0013_f00016_c0.36_55-56min.jpg,,00016,0.36
crop_0014_f00021_c0.57_55-56min.jpg,,00021,0.57
crop_0015_f00025_c0.47_55-56min.jpg,,00025,0.47
crop_0016_f00026_c0.40_55-56min.jpg,,00026,0.40
crop_0017_f00029_c0.64_55-56min.jpg,,00029,0.64
crop_0018_f00029_c0.41_55-56min.jpg,,00029,0.41
crop_0019_f00030_c0.36_55-56min.jpg,,00030,0.36
crop_0020_f00031_c0.46_55-56min.jpg,,00031,0.46
crop_0021_f00035_c0.36_55-56min.jpg,,00035,0.36
crop_0022_f00036_c0.51_55-56min.jpg,,00036,0.51
crop_0023_f00037_c0.36_55-56min.jpg,,00037,0.36
crop_0024_f00038_c0.39_55-56min.jpg,,00038,0.39
crop_0025_f00041_c0.43_55-56min.jpg,,00041,0.43
crop_0026_f00042_c0.40_55-56min.jpg,,00042,0.40
crop_0027_f00042_c0.39_55-56min.jpg,,00042,0.39
crop_0028_f00043_c0.55_55-56min.jpg,,00043,0.55
crop_0029_f00043_c0.42_55-56min.jpg,,00043,0.42
crop_0030_f00044_c0.44_55-56min.jpg,,00044,0.44
crop_0031_f00044_c0.39_55-56min.jpg,,00044,0.39
crop_0032_f00045_c0.39_55-56min.jpg,,00045,0.39
crop_0033_f00047_c0.58_55-56min.jpg,,00047,0.58
crop_0034_f00048_c0.52_55-56min.jpg,,00048,0.52
crop_0035_f00049_c0.73_55-56min.jpg,,00049,0.73
crop_0036_f00050_c0.46_55-56min.jpg,,00050,0.46
crop_0037_f00051_c0.38_55-56min.jpg,,00051,0.38
crop_0038_f00052_c0.52_55-56min.jpg,,00052,0.52
crop_0039_f00053_c0.54_55-56min.jpg,,00053,0.54
crop_0040_f00054_c0.49_55-56min.jpg,,00054,0.49
crop_0041_f00054_c0.36_55-56min.jpg,,00054,0.36
crop_0042_f00055_c0.44_55-56min.jpg,,00055,0.44
crop_0043_f00055_c0.39_55-56min.jpg,,00055,0.39
crop_0044_f00055_c0.38_55-56min.jpg,,00055,0.38
crop_0045_f00056_c0.73_55-56min.jpg,,00056,0.73
crop_0046_f00056_c0.41_55-56min.jpg,,00056,0.41
crop_0047_f00057_c0.36_55-56min.jpg,,00057,0.36
crop_0048_f00058_c0.49_55-56min.jpg,,00058,0.49
crop_0049_f00058_c0.37_55-56min.jpg,,00058,0.37
crop_0050_f00059_c0.47_55-56min.jpg,,00059,0.47
crop_0051_f00059_c0.43_55-56min.jpg,,00059,0.43
crop_0052_f00060_c0.51_55-56min.jpg,,00060,0.51
crop_0053_f00060_c0.40_55-56min.jpg,,00060,0.40
crop_0054_f00060_c0.39_55-56min.jpg,,00060,0.39
crop_0055_f00061_c0.46_55-56min.jpg,,00061,0.46
crop_0056_f00061_c0.40_55-56min.jpg,,00061,0.40
crop_0057_f00061_c0.38_55-56min.jpg,,00061,0.38
crop_0058_f00062_c0.45_55-56min.jpg,,00062,0.45
crop_0059_f00063_c0.48_55-56min.jpg,,00063,0.48
crop_0060_f00064_c0.50_55-56min.jpg,,00064,0.50
crop_0061_f00064_c0.48_55-56min.jpg,,00064,0.48
crop_0062_f00065_c0.46_55-56min.jpg,,00065,0.46
crop_0063_f00065_c0.45_55-56min.jpg,,00065,0.45
crop_0064_f00066_c0.45_55-56min.jpg,,00066,0.45
crop_0065_f00066_c0.39_55-56min.jpg,,00066,0.39
crop_0066_f00067_c0.47_55-56min.jpg,,00067,0.47
crop_0067_f00067_c0.36_55-56min.jpg,,00067,0.36
crop_0068_f00068_c0.40_55-56min.jpg,,00068,0.40
crop_0069_f00068_c0.37_55-56min.jpg,,00068,0.37
crop_0070_f00069_c0.48_55-56min.jpg,,00069,0.48
crop_0071_f00069_c0.39_55-56min.jpg,,00069,0.39
crop_0072_f00070_c0.54_55-56min.jpg,,00070,0.54
crop_0073_f00070_c0.46_55-56min.jpg,,00070,0.46
crop_0074_f00070_c0.40_55-56min.jpg,,00070,0.40
crop_0075_f00071_c0.42_55-56min.jpg,,00071,0.42
crop_0076_f00071_c0.40_55-56min.jpg,,00071,0.40
crop_0077_f00072_c0.40_55-56min.jpg,,00072,0.40
crop_0078_f00073_c0.35_55-56min.jpg,,00073,0.35
crop_0079_f00075_c0.48_55-56min.jpg,,00075,0.48
crop_0080_f00076_c0.66_55-56min.jpg,,00076,0.66
crop_0081_f00077_c0.36_55-56min.jpg,,00077,0.36
crop_0082_f00089_c0.41_55-56min.jpg,,00089,0.41
crop_0083_f00095_c0.40_55-56min.jpg,,00095,0.40
crop_0084_f00108_c0.58_55-56min.jpg,,00108,0.58
crop_0085_f00109_c0.60_55-56min.jpg,,00109,0.60
crop_0086_f00110_c0.65_55-56min.jpg,,00110,0.65
crop_0087_f00111_c0.36_55-56min.jpg,,00111,0.36
crop_0088_f00128_c0.35_55-56min.jpg,,00128,0.35
crop_0089_f00140_c0.43_55-56min.jpg,,00140,0.43
crop_0090_f00145_c0.45_55-56min.jpg,,00145,0.45
crop_0091_f00148_c0.43_55-56min.jpg,,00148,0.43
crop_0092_f00149_c0.59_55-56min.jpg,,00149,0.59
crop_0093_f00149_c0.49_55-56min.jpg,,00149,0.49
crop_0094_f00152_c0.50_55-56min.jpg,,00152,0.50
crop_0095_f00154_c0.37_55-56min.jpg,,00154,0.37
crop_0096_f00156_c0.45_55-56min.jpg,,00156,0.45
crop_0097_f00157_c0.40_55-56min.jpg,,00157,0.40
crop_0098_f00160_c0.36_55-56min.jpg,,00160,0.36
crop_0099_f00162_c0.52_55-56min.jpg,,00162,0.52
crop_0100_f00163_c0.35_55-56min.jpg,,00163,0.35
crop_0101_f00166_c0.38_55-56min.jpg,,00166,0.38
crop_0102_f00168_c0.38_55-56min.jpg,,00168,0.38
crop_0103_f00170_c0.51_55-56min.jpg,,00170,0.51
crop_0104_f00170_c0.48_55-56min.jpg,,00170,0.48
crop_0105_f00171_c0.51_55-56min.jpg,,00171,0.51
crop_0106_f00171_c0.37_55-56min.jpg,,00171,0.37
crop_0107_f00172_c0.66_55-56min.jpg,,00172,0.66
crop_0108_f00172_c0.45_55-56min.jpg,,00172,0.45
crop_0109_f00173_c0.61_55-56min.jpg,,00173,0.61
crop_0110_f00173_c0.46_55-56min.jpg,,00173,0.46
crop_0111_f00174_c0.63_55-56min.jpg,,00174,0.63
crop_0112_f00174_c0.35_55-56min.jpg,,00174,0.35
crop_0113_f00175_c0.43_55-56min.jpg,,00175,0.43
crop_0114_f00176_c0.59_55-56min.jpg,,00176,0.59
crop_0115_f00177_c0.62_55-56min.jpg,,00177,0.62
crop_0116_f00179_c0.51_55-56min.jpg,,00179,0.51
crop_0117_f00181_c0.45_55-56min.jpg,,00181,0.45
crop_0118_f00181_c0.38_55-56min.jpg,,00181,0.38
crop_0119_f00182_c0.44_55-56min.jpg,,00182,0.44
crop_0120_f00183_c0.42_55-56min.jpg,,00183,0.42
crop_0121_f00183_c0.39_55-56min.jpg,,00183,0.39
crop_0122_f00184_c0.37_55-56min.jpg,,00184,0.37
crop_0123_f00185_c0.43_55-56min.jpg,,00185,0.43
crop_0124_f00186_c0.47_55-56min.jpg,,00186,0.47
crop_0125_f00187_c0.46_55-56min.jpg,,00187,0.46
crop_0126_f00187_c0.44_55-56min.jpg,,00187,0.44
crop_0127_f00188_c0.43_55-56min.jpg,,00188,0.43
crop_0128_f00189_c0.58_55-56min.jpg,,00189,0.58
crop_0129_f00190_c0.56_55-56min.jpg,,00190,0.56
crop_0130_f00191_c0.37_55-56min.jpg,,00191,0.37
crop_0131_f00192_c0.56_55-56min.jpg,,00192,0.56
crop_0132_f00193_c0.47_55-56min.jpg,,00193,0.47
crop_0133_f00193_c0.44_55-56min.jpg,,00193,0.44
crop_0134_f00194_c0.43_55-56min.jpg,,00194,0.43
crop_0135_f00195_c0.44_55-56min.jpg,,00195,0.44
crop_0136_f00195_c0.41_55-56min.jpg,,00195,0.41
crop_0137_f00196_c0.61_55-56min.jpg,,00196,0.61
crop_0138_f00197_c0.52_55-56min.jpg,,00197,0.52
crop_0139_f00198_c0.52_55-56min.jpg,,00198,0.52
crop_0140_f00199_c0.62_55-56min.jpg,,00199,0.62
crop_0141_f00199_c0.45_55-56min.jpg,,00199,0.45
crop_0142_f00200_c0.58_55-56min.jpg,,00200,0.58
crop_0143_f00201_c0.60_55-56min.jpg,,00201,0.60
crop_0144_f00202_c0.61_55-56min.jpg,,00202,0.61
crop_0145_f00203_c0.55_55-56min.jpg,,00203,0.55
crop_0146_f00204_c0.52_55-56min.jpg,,00204,0.52
crop_0147_f00206_c0.41_55-56min.jpg,,00206,0.41
crop_0148_f00207_c0.52_55-56min.jpg,,00207,0.52
crop_0149_f00208_c0.48_55-56min.jpg,,00208,0.48
crop_0150_f00209_c0.37_55-56min.jpg,,00209,0.37
crop_0151_f00210_c0.46_55-56min.jpg,,00210,0.46
crop_0152_f00211_c0.53_55-56min.jpg,,00211,0.53
crop_0153_f00212_c0.59_55-56min.jpg,,00212,0.59
crop_0154_f00213_c0.69_55-56min.jpg,,00213,0.69
crop_0155_f00214_c0.62_55-56min.jpg,,00214,0.62
crop_0156_f00214_c0.37_55-56min.jpg,,00214,0.37
crop_0157_f00215_c0.74_55-56min.jpg,,00215,0.74
crop_0158_f00216_c0.69_55-56min.jpg,,00216,0.69
crop_0159_f00217_c0.51_55-56min.jpg,,00217,0.51
crop_0160_f00218_c0.73_55-56min.jpg,,00218,0.73
crop_0161_f00219_c0.70_55-56min.jpg,,00219,0.70
crop_0162_f00220_c0.66_55-56min.jpg,,00220,0.66
crop_0163_f00220_c0.50_55-56min.jpg,,00220,0.50
crop_0164_f00221_c0.75_55-56min.jpg,,00221,0.75
crop_0165_f00221_c0.59_55-56min.jpg,,00221,0.59
crop_0166_f00221_c0.38_55-56min.jpg,,00221,0.38
crop_0167_f00222_c0.62_55-56min.jpg,,00222,0.62
crop_0168_f00222_c0.44_55-56min.jpg,,00222,0.44
crop_0169_f00223_c0.36_55-56min.jpg,,00223,0.36
crop_0170_f00225_c0.71_55-56min.jpg,,00225,0.71
crop_0171_f00225_c0.50_55-56min.jpg,,00225,0.50
crop_0172_f00226_c0.64_55-56min.jpg,,00226,0.64
crop_0173_f00226_c0.51_55-56min.jpg,,00226,0.51
crop_0174_f00227_c0.66_55-56min.jpg,,00227,0.66
crop_0175_f00227_c0.38_55-56min.jpg,,00227,0.38
crop_0176_f00228_c0.71_55-56min.jpg,,00228,0.71
crop_0177_f00228_c0.50_55-56min.jpg,,00228,0.50
crop_0178_f00229_c0.70_55-56min.jpg,,00229,0.70
crop_0179_f00229_c0.57_55-56min.jpg,,00229,0.57
crop_0180_f00230_c0.70_55-56min.jpg,,00230,0.70
crop_0181_f00230_c0.44_55-56min.jpg,,00230,0.44
crop_0182_f00231_c0.69_55-56min.jpg,,00231,0.69
crop_0183_f00231_c0.54_55-56min.jpg,,00231,0.54
crop_0184_f00232_c0.70_55-56min.jpg,,00232,0.70
crop_0185_f00232_c0.38_55-56min.jpg,,00232,0.38
crop_0186_f00233_c0.68_55-56min.jpg,,00233,0.68
crop_0187_f00233_c0.52_55-56min.jpg,,00233,0.52
crop_0188_f00234_c0.69_55-56min.jpg,,00234,0.69
crop_0189_f00235_c0.68_55-56min.jpg,,00235,0.68
crop_0190_f00235_c0.48_55-56min.jpg,,00235,0.48
crop_0191_f00236_c0.67_55-56min.jpg,,00236,0.67
crop_0192_f00236_c0.37_55-56min.jpg,,00236,0.37
crop_0193_f00237_c0.68_55-56min.jpg,,00237,0.68
crop_0194_f00237_c0.54_55-56min.jpg,,00237,0.54
crop_0195_f00237_c0.41_55-56min.jpg,,00237,0.41
crop_0196_f00238_c0.69_55-56min.jpg,,00238,0.69
crop_0197_f00239_c0.69_55-56min.jpg,,00239,0.69
crop_0198_f00240_c0.68_55-56min.jpg,,00240,0.68
crop_0199_f00240_c0.39_55-56min.jpg,,00240,0.39
crop_0200_f00241_c0.55_55-56min.jpg,,00241,0.55
crop_0201_f00242_c0.46_55-56min.jpg,,00242,0.46
crop_0202_f00243_c0.62_55-56min.jpg,,00243,0.62
crop_0203_f00244_c0.57_55-56min.jpg,,00244,0.57
crop_0204_f00245_c0.66_55-56min.jpg,,00245,0.66
crop_0205_f00246_c0.61_55-56min.jpg,,00246,0.61
crop_0206_f00246_c0.46_55-56min.jpg,,00246,0.46
crop_0207_f00246_c0.35_55-56min.jpg,,00246,0.35
crop_0208_f00247_c0.58_55-56min.jpg,,00247,0.58
crop_0209_f00248_c0.55_55-56min.jpg,,00248,0.55
crop_0210_f00248_c0.38_55-56min.jpg,,00248,0.38
crop_0211_f00249_c0.64_55-56min.jpg,,00249,0.64
crop_0212_f00250_c0.46_55-56min.jpg,,00250,0.46
crop_0213_f00251_c0.48_55-56min.jpg,,00251,0.48
crop_0214_f00252_c0.56_55-56min.jpg,,00252,0.56
crop_0215_f00253_c0.57_55-56min.jpg,,00253,0.57
crop_0216_f00254_c0.54_55-56min.jpg,,00254,0.54
crop_0217_f00255_c0.55_55-56min.jpg,,00255,0.55
crop_0218_f00255_c0.44_55-56min.jpg,,00255,0.44
crop_0219_f00256_c0.61_55-56min.jpg,,00256,0.61
crop_0220_f00257_c0.62_55-56min.jpg,,00257,0.62
crop_0221_f00257_c0.37_55-56min.jpg,,00257,0.37
crop_0222_f00258_c0.64_55-56min.jpg,,00258,0.64
crop_0223_f00259_c0.65_55-56min.jpg,,00259,0.65
crop_0224_f00259_c0.52_55-56min.jpg,,00259,0.52
crop_0225_f00260_c0.72_55-56min.jpg,,00260,0.72
crop_0226_f00260_c0.66_55-56min.jpg,,00260,0.66
crop_0227_f00261_c0.67_55-56min.jpg,,00261,0.67
crop_0228_f00261_c0.66_55-56min.jpg,,00261,0.66
crop_0229_f00262_c0.66_55-56min.jpg,,00262,0.66
crop_0230_f00262_c0.63_55-56min.jpg,,00262,0.63
crop_0231_f00263_c0.67_55-56min.jpg,,00263,0.67
crop_0232_f00263_c0.57_55-56min.jpg,,00263,0.57
crop_0233_f00264_c0.67_55-56min.jpg,,00264,0.67
crop_0234_f00264_c0.59_55-56min.jpg,,00264,0.59
crop_0235_f00265_c0.67_55-56min.jpg,,00265,0.67
crop_0236_f00265_c0.41_55-56min.jpg,,00265,0.41
crop_0237_f00266_c0.67_55-56min.jpg,,00266,0.67
crop_0238_f00267_c0.66_55-56min.jpg,,00267,0.66
crop_0239_f00268_c0.65_55-56min.jpg,,00268,0.65
crop_0240_f00269_c0.64_55-56min.jpg,,00269,0.64
crop_0241_f00270_c0.63_55-56min.jpg,,00270,0.63
crop_0242_f00271_c0.58_55-56min.jpg,,00271,0.58
crop_0243_f00272_c0.53_55-56min.jpg,,00272,0.53
crop_0244_f00273_c0.48_55-56min.jpg,,00273,0.48
crop_0245_f00273_c0.42_55-56min.jpg,,00273,0.42
crop_0246_f00273_c0.39_55-56min.jpg,,00273,0.39
crop_0247_f00274_c0.58_55-56min.jpg,,00274,0.58
crop_0248_f00274_c0.47_55-56min.jpg,,00274,0.47
crop_0249_f00275_c0.62_55-56min.jpg,,00275,0.62
crop_0250_f00275_c0.43_55-56min.jpg,,00275,0.43
crop_0251_f00276_c0.44_55-56min.jpg,,00276,0.44
crop_0252_f00276_c0.37_55-56min.jpg,,00276,0.37
crop_0253_f00277_c0.44_55-56min.jpg,,00277,0.44
crop_0254_f00278_c0.46_55-56min.jpg,,00278,0.46
crop_0255_f00278_c0.42_55-56min.jpg,,00278,0.42
crop_0256_f00279_c0.36_55-56min.jpg,,00279,0.36
crop_0257_f00280_c0.46_55-56min.jpg,,00280,0.46
crop_0258_f00280_c0.35_55-56min.jpg,,00280,0.35
crop_0259_f00287_c0.40_55-56min.jpg,,00287,0.40
crop_0260_f00287_c0.40_55-56min.jpg,,00287,0.40
crop_0261_f00287_c0.37_55-56min.jpg,,00287,0.37
crop_0262_f00289_c0.36_55-56min.jpg,,00289,0.36
crop_0263_f00291_c0.44_55-56min.jpg,,00291,0.44
crop_0264_f00292_c0.51_55-56min.jpg,,00292,0.51
crop_0265_f00293_c0.51_55-56min.jpg,,00293,0.51
crop_0266_f00293_c0.42_55-56min.jpg,,00293,0.42
crop_0267_f00294_c0.45_55-56min.jpg,,00294,0.45
crop_0268_f00295_c0.52_55-56min.jpg,,00295,0.52
crop_0269_f00295_c0.39_55-56min.jpg,,00295,0.39
crop_0270_f00297_c0.60_55-56min.jpg,,00297,0.60
crop_0271_f00297_c0.36_55-56min.jpg,,00297,0.36
crop_0272_f00298_c0.60_55-56min.jpg,,00298,0.60
crop_0273_f00298_c0.46_55-56min.jpg,,00298,0.46
crop_0274_f00298_c0.42_55-56min.jpg,,00298,0.42
crop_0275_f00299_c0.58_55-56min.jpg,,00299,0.58
crop_0276_f00299_c0.40_55-56min.jpg,,00299,0.40
crop_0277_f00300_c0.43_55-56min.jpg,,00300,0.43
crop_0278_f00301_c0.48_55-56min.jpg,,00301,0.48
crop_0279_f00302_c0.64_55-56min.jpg,,00302,0.64
crop_0280_f00303_c0.54_55-56min.jpg,,00303,0.54
crop_0281_f00303_c0.44_55-56min.jpg,,00303,0.44
crop_0282_f00304_c0.41_55-56min.jpg,,00304,0.41
crop_0283_f00304_c0.41_55-56min.jpg,,00304,0.41
crop_0284_f00304_c0.36_55-56min.jpg,,00304,0.36
crop_0285_f00305_c0.45_55-56min.jpg,,00305,0.45
crop_0286_f00305_c0.42_55-56min.jpg,,00305,0.42
crop_0287_f00305_c0.38_55-56min.jpg,,00305,0.38
crop_0288_f00305_c0.38_55-56min.jpg,,00305,0.38
crop_0289_f00306_c0.41_55-56min.jpg,,00306,0.41
crop_0290_f00308_c0.47_55-56min.jpg,,00308,0.47
crop_0291_f00309_c0.53_55-56min.jpg,,00309,0.53
crop_0292_f00310_c0.58_55-56min.jpg,,00310,0.58
crop_0293_f00311_c0.71_55-56min.jpg,,00311,0.71
crop_0294_f00312_c0.64_55-56min.jpg,,00312,0.64
crop_0295_f00313_c0.67_55-56min.jpg,,00313,0.67
crop_0296_f00314_c0.63_55-56min.jpg,,00314,0.63
crop_0297_f00314_c0.53_55-56min.jpg,,00314,0.53
crop_0298_f00315_c0.49_55-56min.jpg,,00315,0.49
crop_0299_f00316_c0.44_55-56min.jpg,,00316,0.44
crop_0300_f00317_c0.51_55-56min.jpg,,00317,0.51
crop_0301_f00318_c0.40_55-56min.jpg,,00318,0.40
crop_0302_f00321_c0.35_55-56min.jpg,,00321,0.35
crop_0303_f00322_c0.49_55-56min.jpg,,00322,0.49
crop_0304_f00322_c0.44_55-56min.jpg,,00322,0.44
crop_0305_f00323_c0.49_55-56min.jpg,,00323,0.49
crop_0306_f00324_c0.41_55-56min.jpg,,00324,0.41
crop_0307_f00330_c0.37_55-56min.jpg,,00330,0.37
crop_0308_f00333_c0.39_55-56min.jpg,,00333,0.39
crop_0309_f00335_c0.46_55-56min.jpg,,00335,0.46
crop_0310_f00336_c0.66_55-56min.jpg,,00336,0.66
crop_0311_f00337_c0.71_55-56min.jpg,,00337,0.71
crop_0312_f00337_c0.54_55-56min.jpg,,00337,0.54
crop_0313_f00337_c0.48_55-56min.jpg,,00337,0.48
crop_0314_f00338_c0.68_55-56min.jpg,,00338,0.68
crop_0315_f00338_c0.48_55-56min.jpg,,00338,0.48
crop_0316_f00339_c0.63_55-56min.jpg,,00339,0.63
crop_0317_f00339_c0.38_55-56min.jpg,,00339,0.38
crop_0318_f00340_c0.61_55-56min.jpg,,00340,0.61
crop_0319_f00341_c0.59_55-56min.jpg,,00341,0.59
crop_0320_f00342_c0.60_55-56min.jpg,,00342,0.60
crop_0321_f00342_c0.50_55-56min.jpg,,00342,0.50
crop_0322_f00343_c0.46_55-56min.jpg,,00343,0.46
crop_0323_f00343_c0.41_55-56min.jpg,,00343,0.41
crop_0324_f00344_c0.46_55-56min.jpg,,00344,0.46
crop_0325_f00344_c0.41_55-56min.jpg,,00344,0.41
crop_0326_f00344_c0.36_55-56min.jpg,,00344,0.36
crop_0327_f00345_c0.38_55-56min.jpg,,00345,0.38
crop_0328_f00349_c0.49_55-56min.jpg,,00349,0.49
crop_0329_f00350_c0.46_55-56min.jpg,,00350,0.46
crop_0330_f00351_c0.57_55-56min.jpg,,00351,0.57
crop_0331_f00352_c0.60_55-56min.jpg,,00352,0.60
crop_0332_f00353_c0.60_55-56min.jpg,,00353,0.60
crop_0333_f00353_c0.44_55-56min.jpg,,00353,0.44
crop_0334_f00354_c0.57_55-56min.jpg,,00354,0.57
crop_0335_f00354_c0.42_55-56min.jpg,,00354,0.42
crop_0336_f00355_c0.44_55-56min.jpg,,00355,0.44
crop_0337_f00356_c0.58_55-56min.jpg,,00356,0.58
crop_0338_f00357_c0.46_55-56min.jpg,,00357,0.46
crop_0339_f00358_c0.38_55-56min.jpg,,00358,0.38
crop_0340_f00359_c0.36_55-56min.jpg,,00359,0.36
crop_0341_f00361_c0.46_55-56min.jpg,,00361,0.46
crop_0342_f00362_c0.59_55-56min.jpg,,00362,0.59
crop_0343_f00363_c0.48_55-56min.jpg,,00363,0.48
crop_0344_f00363_c0.35_55-56min.jpg,,00363,0.35
crop_0345_f00366_c0.40_55-56min.jpg,,00366,0.40
crop_0346_f00370_c0.48_55-56min.jpg,,00370,0.48
crop_0347_f00370_c0.44_55-56min.jpg,,00370,0.44
crop_0348_f00371_c0.47_55-56min.jpg,,00371,0.47
crop_0349_f00373_c0.52_55-56min.jpg,,00373,0.52
crop_0350_f00381_c0.49_55-56min.jpg,,00381,0.49
crop_0351_f00382_c0.52_55-56min.jpg,,00382,0.52
crop_0352_f00383_c0.54_55-56min.jpg,,00383,0.54
crop_0353_f00383_c0.41_55-56min.jpg,,00383,0.41
crop_0354_f00384_c0.62_55-56min.jpg,,00384,0.62
crop_0355_f00384_c0.35_55-56min.jpg,,00384,0.35
crop_0356_f00385_c0.59_55-56min.jpg,,00385,0.59
crop_0357_f00385_c0.54_55-56min.jpg,,00385,0.54
crop_0358_f00386_c0.48_55-56min.jpg,,00386,0.48
crop_0359_f00386_c0.37_55-56min.jpg,,00386,0.37
crop_0360_f00387_c0.40_55-56min.jpg,,00387,0.40
crop_0361_f00388_c0.50_55-56min.jpg,,00388,0.50
crop_0362_f00389_c0.46_55-56min.jpg,,00389,0.46
crop_0363_f00390_c0.56_55-56min.jpg,,00390,0.56
crop_0364_f00391_c0.60_55-56min.jpg,,00391,0.60
crop_0365_f00392_c0.40_55-56min.jpg,,00392,0.40
crop_0366_f00393_c0.61_55-56min.jpg,,00393,0.61
crop_0367_f00394_c0.62_55-56min.jpg,,00394,0.62
crop_0368_f00394_c0.36_55-56min.jpg,,00394,0.36
crop_0369_f00395_c0.47_55-56min.jpg,,00395,0.47
crop_0370_f00396_c0.58_55-56min.jpg,,00396,0.58
crop_0371_f00397_c0.59_55-56min.jpg,,00397,0.59
crop_0372_f00398_c0.51_55-56min.jpg,,00398,0.51
crop_0373_f00399_c0.43_55-56min.jpg,,00399,0.43
crop_0374_f00399_c0.37_55-56min.jpg,,00399,0.37
crop_0375_f00400_c0.52_55-56min.jpg,,00400,0.52
crop_0376_f00401_c0.46_55-56min.jpg,,00401,0.46
crop_0377_f00402_c0.58_55-56min.jpg,,00402,0.58
crop_0378_f00403_c0.50_55-56min.jpg,,00403,0.50
crop_0379_f00404_c0.46_55-56min.jpg,,00404,0.46
crop_0380_f00405_c0.40_55-56min.jpg,,00405,0.40
crop_0381_f00406_c0.35_55-56min.jpg,,00406,0.35
crop_0382_f00407_c0.37_55-56min.jpg,,00407,0.37
crop_0383_f00408_c0.42_55-56min.jpg,,00408,0.42
crop_0384_f00409_c0.43_55-56min.jpg,,00409,0.43
crop_0385_f00410_c0.44_55-56min.jpg,,00410,0.44
crop_0386_f00411_c0.42_55-56min.jpg,,00411,0.42
crop_0387_f00413_c0.43_55-56min.jpg,,00413,0.43
crop_0388_f00413_c0.38_55-56min.jpg,,00413,0.38
crop_0389_f00414_c0.38_55-56min.jpg,,00414,0.38
crop_0390_f00414_c0.38_55-56min.jpg,,00414,0.38
crop_0391_f00417_c0.37_55-56min.jpg,,00417,0.37
crop_0392_f00420_c0.45_55-56min.jpg,,00420,0.45
crop_0393_f00422_c0.50_55-56min.jpg,,00422,0.50
crop_0394_f00424_c0.44_55-56min.jpg,,00424,0.44
crop_0395_f00426_c0.43_55-56min.jpg,,00426,0.43
crop_0396_f00427_c0.35_55-56min.jpg,,00427,0.35
crop_0397_f00429_c0.44_55-56min.jpg,,00429,0.44
crop_0398_f00430_c0.48_55-56min.jpg,,00430,0.48
crop_0399_f00431_c0.57_55-56min.jpg,,00431,0.57
crop_0400_f00432_c0.57_55-56min.jpg,,00432,0.57
crop_0401_f00433_c0.62_55-56min.jpg,,00433,0.62
crop_0402_f00444_c0.40_55-56min.jpg,,00444,0.40
crop_0403_f00444_c0.38_55-56min.jpg,,00444,0.38
crop_0404_f00446_c0.42_55-56min.jpg,,00446,0.42
crop_0405_f00450_c0.37_55-56min.jpg,,00450,0.37
crop_0406_f00451_c0.40_55-56min.jpg,,00451,0.40
crop_0407_f00454_c0.41_55-56min.jpg,,00454,0.41
crop_0408_f00455_c0.50_55-56min.jpg,,00455,0.50
crop_0409_f00456_c0.47_55-56min.jpg,,00456,0.47
crop_0410_f00457_c0.46_55-56min.jpg,,00457,0.46
crop_0411_f00461_c0.35_55-56min.jpg,,00461,0.35
crop_0412_f00462_c0.40_55-56min.jpg,,00462,0.40
crop_0413_f00462_c0.38_55-56min.jpg,,00462,0.38
crop_0414_f00463_c0.56_55-56min.jpg,,00463,0.56
crop_0415_f00463_c0.50_55-56min.jpg,,00463,0.50
crop_0416_f00464_c0.52_55-56min.jpg,,00464,0.52
crop_0417_f00464_c0.43_55-56min.jpg,,00464,0.43
crop_0418_f00465_c0.44_55-56min.jpg,,00465,0.44
crop_0419_f00466_c0.56_55-56min.jpg,,00466,0.56
crop_0420_f00466_c0.44_55-56min.jpg,,00466,0.44
crop_0421_f00467_c0.52_55-56min.jpg,,00467,0.52
crop_0422_f00467_c0.51_55-56min.jpg,,00467,0.51
crop_0423_f00468_c0.47_55-56min.jpg,,00468,0.47
crop_0424_f00468_c0.36_55-56min.jpg,,00468,0.36
crop_0425_f00469_c0.51_55-56min.jpg,,00469,0.51
crop_0426_f00469_c0.36_55-56min.jpg,,00469,0.36
crop_0427_f00470_c0.37_55-56min.jpg,,00470,0.37
crop_0428_f00471_c0.46_55-56min.jpg,,00471,0.46
crop_0429_f00471_c0.40_55-56min.jpg,,00471,0.40
crop_0430_f00472_c0.57_55-56min.jpg,,00472,0.57
crop_0431_f00472_c0.49_55-56min.jpg,,00472,0.49
crop_0432_f00472_c0.41_55-56min.jpg,,00472,0.41
crop_0433_f00473_c0.52_55-56min.jpg,,00473,0.52
crop_0434_f00473_c0.47_55-56min.jpg,,00473,0.47
crop_0435_f00474_c0.60_55-56min.jpg,,00474,0.60
crop_0436_f00474_c0.56_55-56min.jpg,,00474,0.56
crop_0437_f00475_c0.54_55-56min.jpg,,00475,0.54
crop_0438_f00475_c0.42_55-56min.jpg,,00475,0.42
crop_0439_f00476_c0.52_55-56min.jpg,,00476,0.52
crop_0440_f00477_c0.43_55-56min.jpg,,00477,0.43
crop_0441_f00477_c0.43_55-56min.jpg,,00477,0.43
crop_0442_f00477_c0.42_55-56min.jpg,,00477,0.42
crop_0443_f00478_c0.51_55-56min.jpg,,00478,0.51
crop_0444_f00478_c0.44_55-56min.jpg,,00478,0.44
crop_0445_f00478_c0.39_55-56min.jpg,,00478,0.39
crop_0446_f00479_c0.60_55-56min.jpg,,00479,0.60
crop_0447_f00479_c0.54_55-56min.jpg,,00479,0.54
crop_0448_f00481_c0.63_55-56min.jpg,,00481,0.63
crop_0449_f00481_c0.56_55-56min.jpg,,00481,0.56
crop_0450_f00481_c0.42_55-56min.jpg,,00481,0.42
crop_0451_f00482_c0.57_55-56min.jpg,,00482,0.57
crop_0452_f00482_c0.56_55-56min.jpg,,00482,0.56
crop_0453_f00483_c0.48_55-56min.jpg,,00483,0.48
crop_0454_f00484_c0.64_55-56min.jpg,,00484,0.64
crop_0455_f00484_c0.53_55-56min.jpg,,00484,0.53
crop_0456_f00485_c0.50_55-56min.jpg,,00485,0.50
crop_0457_f00485_c0.45_55-56min.jpg,,00485,0.45
crop_0458_f00486_c0.38_55-56min.jpg,,00486,0.38
crop_0459_f00486_c0.35_55-56min.jpg,,00486,0.35
crop_0460_f00487_c0.48_55-56min.jpg,,00487,0.48
crop_0461_f00487_c0.40_55-56min.jpg,,00487,0.40
crop_0462_f00488_c0.40_55-56min.jpg,,00488,0.40
crop_0463_f00488_c0.37_55-56min.jpg,,00488,0.37
crop_0464_f00491_c0.44_55-56min.jpg,,00491,0.44
crop_0465_f00492_c0.47_55-56min.jpg,,00492,0.47
crop_0466_f00493_c0.39_55-56min.jpg,,00493,0.39
crop_0467_f00493_c0.37_55-56min.jpg,,00493,0.37
crop_0468_f00494_c0.50_55-56min.jpg,,00494,0.50
crop_0469_f00494_c0.38_55-56min.jpg,,00494,0.38
crop_0470_f00495_c0.40_55-56min.jpg,,00495,0.40
crop_0471_f00496_c0.48_55-56min.jpg,,00496,0.48
crop_0472_f00497_c0.39_55-56min.jpg,,00497,0.39
crop_0473_f00498_c0.37_55-56min.jpg,,00498,0.37
crop_0474_f00503_c0.36_55-56min.jpg,,00503,0.36
crop_0475_f00504_c0.37_55-56min.jpg,,00504,0.37
crop_0476_f00505_c0.55_55-56min.jpg,,00505,0.55
crop_0477_f00505_c0.41_55-56min.jpg,,00505,0.41
crop_0478_f00506_c0.52_55-56min.jpg,,00506,0.52
crop_0479_f00506_c0.42_55-56min.jpg,,00506,0.42
crop_0480_f00507_c0.54_55-56min.jpg,,00507,0.54
crop_0481_f00507_c0.47_55-56min.jpg,,00507,0.47
crop_0482_f00507_c0.40_55-56min.jpg,,00507,0.40
crop_0483_f00508_c0.49_55-56min.jpg,,00508,0.49
crop_0484_f00508_c0.38_55-56min.jpg,,00508,0.38
crop_0485_f00509_c0.40_55-56min.jpg,,00509,0.40
crop_0486_f00509_c0.37_55-56min.jpg,,00509,0.37
crop_0487_f00510_c0.51_55-56min.jpg,,00510,0.51
crop_0488_f00510_c0.40_55-56min.jpg,,00510,0.40
crop_0489_f00511_c0.39_55-56min.jpg,,00511,0.39
crop_0490_f00511_c0.39_55-56min.jpg,,00511,0.39
crop_0491_f00512_c0.53_55-56min.jpg,,00512,0.53
crop_0492_f00513_c0.54_55-56min.jpg,,00513,0.54
crop_0493_f00514_c0.45_55-56min.jpg,,00514,0.45
crop_0494_f00515_c0.53_55-56min.jpg,,00515,0.53
crop_0495_f00516_c0.45_55-56min.jpg,,00516,0.45
crop_0496_f00516_c0.40_55-56min.jpg,,00516,0.40
crop_0497_f00517_c0.53_55-56min.jpg,,00517,0.53
crop_0498_f00517_c0.45_55-56min.jpg,,00517,0.45
crop_0499_f00518_c0.39_55-56min.jpg,,00518,0.39
crop_0500_f00519_c0.67_55-56min.jpg,,00519,0.67
crop_0501_f00519_c0.60_55-56min.jpg,,00519,0.60
crop_0502_f00520_c0.56_55-56min.jpg,,00520,0.56
crop_0503_f00521_c0.50_55-56min.jpg,,00521,0.50
crop_0504_f00521_c0.43_55-56min.jpg,,00521,0.43
crop_0505_f00522_c0.54_55-56min.jpg,,00522,0.54
crop_0506_f00522_c0.41_55-56min.jpg,,00522,0.41
crop_0507_f00522_c0.40_55-56min.jpg,,00522,0.40
crop_0508_f00523_c0.53_55-56min.jpg,,00523,0.53
crop_0509_f00523_c0.46_55-56min.jpg,,00523,0.46
crop_0510_f00523_c0.39_55-56min.jpg,,00523,0.39
crop_0511_f00524_c0.52_55-56min.jpg,,00524,0.52
crop_0512_f00524_c0.49_55-56min.jpg,,00524,0.49
crop_0513_f00524_c0.38_55-56min.jpg,,00524,0.38
crop_0514_f00524_c0.38_55-56min.jpg,,00524,0.38
crop_0515_f00525_c0.59_55-56min.jpg,,00525,0.59
crop_0516_f00525_c0.52_55-56min.jpg,,00525,0.52
crop_0517_f00525_c0.52_55-56min.jpg,,00525,0.52
crop_0518_f00525_c0.39_55-56min.jpg,,00525,0.39
crop_0519_f00526_c0.69_55-56min.jpg,,00526,0.69
crop_0520_f00526_c0.61_55-56min.jpg,,00526,0.61
crop_0521_f00526_c0.38_55-56min.jpg,,00526,0.38
crop_0522_f00526_c0.37_55-56min.jpg,,00526,0.37
crop_0523_f00527_c0.69_55-56min.jpg,,00527,0.69
crop_0524_f00527_c0.46_55-56min.jpg,,00527,0.46
crop_0525_f00528_c0.77_55-56min.jpg,,00528,0.77
crop_0526_f00528_c0.53_55-56min.jpg,,00528,0.53
crop_0527_f00529_c0.61_55-56min.jpg,,00529,0.61
crop_0528_f00529_c0.44_55-56min.jpg,,00529,0.44
crop_0529_f00530_c0.51_55-56min.jpg,,00530,0.51
crop_0530_f00530_c0.47_55-56min.jpg,,00530,0.47
crop_0531_f00531_c0.52_55-56min.jpg,,00531,0.52
crop_0532_f00531_c0.40_55-56min.jpg,,00531,0.40
crop_0533_f00531_c0.36_55-56min.jpg,,00531,0.36
crop_0534_f00532_c0.65_55-56min.jpg,,00532,0.65
crop_0535_f00532_c0.59_55-56min.jpg,,00532,0.59
crop_0536_f00532_c0.59_55-56min.jpg,,00532,0.59
crop_0537_f00532_c0.56_55-56min.jpg,,00532,0.56
crop_0538_f00532_c0.53_55-56min.jpg,,00532,0.53
crop_0539_f00533_c0.67_55-56min.jpg,,00533,0.67
crop_0540_f00533_c0.58_55-56min.jpg,,00533,0.58
crop_0541_f00533_c0.57_55-56min.jpg,,00533,0.57
crop_0542_f00533_c0.45_55-56min.jpg,,00533,0.45
crop_0543_f00533_c0.37_55-56min.jpg,,00533,0.37
crop_0544_f00534_c0.65_55-56min.jpg,,00534,0.65
crop_0545_f00534_c0.63_55-56min.jpg,,00534,0.63
crop_0546_f00534_c0.59_55-56min.jpg,,00534,0.59
crop_0547_f00534_c0.39_55-56min.jpg,,00534,0.39
crop_0548_f00534_c0.37_55-56min.jpg,,00534,0.37
crop_0549_f00534_c0.35_55-56min.jpg,,00534,0.35
crop_0550_f00535_c0.45_55-56min.jpg,,00535,0.45
crop_0551_f00535_c0.39_55-56min.jpg,,00535,0.39
crop_0552_f00536_c0.57_55-56min.jpg,,00536,0.57
crop_0553_f00536_c0.56_55-56min.jpg,,00536,0.56
crop_0554_f00537_c0.48_55-56min.jpg,,00537,0.48
crop_0555_f00537_c0.46_55-56min.jpg,,00537,0.46
crop_0556_f00537_c0.38_55-56min.jpg,,00537,0.38
crop_0557_f00538_c0.54_55-56min.jpg,,00538,0.54
crop_0558_f00538_c0.54_55-56min.jpg,,00538,0.54
crop_0559_f00538_c0.47_55-56min.jpg,,00538,0.47
crop_0560_f00538_c0.42_55-56min.jpg,,00538,0.42
crop_0561_f00539_c0.65_55-56min.jpg,,00539,0.65
crop_0562_f00539_c0.47_55-56min.jpg,,00539,0.47
crop_0563_f00539_c0.38_55-56min.jpg,,00539,0.38
crop_0564_f00539_c0.36_55-56min.jpg,,00539,0.36
crop_0565_f00540_c0.65_55-56min.jpg,,00540,0.65
crop_0566_f00540_c0.53_55-56min.jpg,,00540,0.53
crop_0567_f00540_c0.48_55-56min.jpg,,00540,0.48
crop_0568_f00540_c0.36_55-56min.jpg,,00540,0.36
crop_0569_f00541_c0.54_55-56min.jpg,,00541,0.54
crop_0570_f00541_c0.51_55-56min.jpg,,00541,0.51
crop_0571_f00541_c0.47_55-56min.jpg,,00541,0.47
crop_0572_f00541_c0.43_55-56min.jpg,,00541,0.43
crop_0573_f00542_c0.60_55-56min.jpg,,00542,0.60
crop_0574_f00542_c0.44_55-56min.jpg,,00542,0.44
crop_0575_f00543_c0.62_55-56min.jpg,,00543,0.62
crop_0576_f00543_c0.52_55-56min.jpg,,00543,0.52
crop_0577_f00543_c0.44_55-56min.jpg,,00543,0.44
crop_0578_f00543_c0.36_55-56min.jpg,,00543,0.36
crop_0579_f00544_c0.72_55-56min.jpg,,00544,0.72
crop_0580_f00544_c0.59_55-56min.jpg,,00544,0.59
crop_0581_f00544_c0.43_55-56min.jpg,,00544,0.43
crop_0582_f00545_c0.66_55-56min.jpg,,00545,0.66
crop_0583_f00545_c0.58_55-56min.jpg,,00545,0.58
crop_0584_f00545_c0.43_55-56min.jpg,,00545,0.43
crop_0585_f00546_c0.52_55-56min.jpg,,00546,0.52
crop_0586_f00546_c0.43_55-56min.jpg,,00546,0.43
crop_0587_f00546_c0.43_55-56min.jpg,,00546,0.43
crop_0588_f00546_c0.37_55-56min.jpg,,00546,0.37
crop_0589_f00547_c0.50_55-56min.jpg,,00547,0.50
crop_0590_f00547_c0.46_55-56min.jpg,,00547,0.46
crop_0591_f00547_c0.41_55-56min.jpg,,00547,0.41
crop_0592_f00547_c0.38_55-56min.jpg,,00547,0.38
crop_0593_f00548_c0.48_55-56min.jpg,,00548,0.48
crop_0594_f00549_c0.76_55-56min.jpg,,00549,0.76
crop_0595_f00549_c0.48_55-56min.jpg,,00549,0.48
crop_0596_f00550_c0.43_55-56min.jpg,,00550,0.43
crop_0597_f00551_c0.40_55-56min.jpg,,00551,0.40
crop_0598_f00551_c0.35_55-56min.jpg,,00551,0.35
crop_0599_f00552_c0.60_55-56min.jpg,,00552,0.60
crop_0600_f00552_c0.35_55-56min.jpg,,00552,0.35
crop_0601_f00553_c0.44_55-56min.jpg,,00553,0.44
crop_0602_f00553_c0.39_55-56min.jpg,,00553,0.39
crop_0603_f00555_c0.41_55-56min.jpg,,00555,0.41
crop_0604_f00555_c0.40_55-56min.jpg,,00555,0.40
crop_0605_f00555_c0.39_55-56min.jpg,,00555,0.39
crop_0606_f00556_c0.42_55-56min.jpg,,00556,0.42
crop_0607_f00557_c0.57_55-56min.jpg,,00557,0.57
crop_0608_f00558_c0.51_55-56min.jpg,,00558,0.51
crop_0609_f00559_c0.50_55-56min.jpg,,00559,0.50
crop_0610_f00560_c0.42_55-56min.jpg,,00560,0.42
crop_0611_f00560_c0.38_55-56min.jpg,,00560,0.38
crop_0612_f00561_c0.50_55-56min.jpg,,00561,0.50
crop_0613_f00561_c0.43_55-56min.jpg,,00561,0.43
crop_0614_f00562_c0.50_55-56min.jpg,,00562,0.50
crop_0615_f00562_c0.36_55-56min.jpg,,00562,0.36
crop_0616_f00563_c0.52_55-56min.jpg,,00563,0.52
crop_0617_f00563_c0.41_55-56min.jpg,,00563,0.41
crop_0618_f00565_c0.53_55-56min.jpg,,00565,0.53
crop_0619_f00565_c0.38_55-56min.jpg,,00565,0.38
crop_0620_f00566_c0.46_55-56min.jpg,,00566,0.46
crop_0621_f00566_c0.40_55-56min.jpg,,00566,0.40
crop_0622_f00567_c0.44_55-56min.jpg,,00567,0.44
crop_0623_f00569_c0.42_55-56min.jpg,,00569,0.42
crop_0624_f00570_c0.54_55-56min.jpg,,00570,0.54
crop_0625_f00570_c0.38_55-56min.jpg,,00570,0.38
crop_0626_f00570_c0.38_55-56min.jpg,,00570,0.38
crop_0627_f00571_c0.56_55-56min.jpg,,00571,0.56
crop_0628_f00571_c0.43_55-56min.jpg,,00571,0.43
crop_0629_f00572_c0.59_55-56min.jpg,,00572,0.59
crop_0630_f00572_c0.42_55-56min.jpg,,00572,0.42
crop_0631_f00572_c0.41_55-56min.jpg,,00572,0.41
crop_0632_f00572_c0.37_55-56min.jpg,,00572,0.37
crop_0633_f00573_c0.63_55-56min.jpg,,00573,0.63
crop_0634_f00573_c0.38_55-56min.jpg,,00573,0.38
crop_0635_f00574_c0.69_55-56min.jpg,,00574,0.69
crop_0636_f00574_c0.37_55-56min.jpg,,00574,0.37
crop_0637_f00575_c0.72_55-56min.jpg,,00575,0.72
crop_0638_f00575_c0.57_55-56min.jpg,,00575,0.57
crop_0639_f00575_c0.43_55-56min.jpg,,00575,0.43
crop_0640_f00576_c0.64_55-56min.jpg,,00576,0.64
crop_0641_f00576_c0.50_55-56min.jpg,,00576,0.50
crop_0642_f00577_c0.57_55-56min.jpg,,00577,0.57
crop_0643_f00577_c0.51_55-56min.jpg,,00577,0.51
crop_0644_f00577_c0.49_55-56min.jpg,,00577,0.49
crop_0645_f00577_c0.46_55-56min.jpg,,00577,0.46
crop_0646_f00578_c0.50_55-56min.jpg,,00578,0.50
crop_0647_f00578_c0.47_55-56min.jpg,,00578,0.47
crop_0648_f00578_c0.39_55-56min.jpg,,00578,0.39
crop_0649_f00579_c0.52_55-56min.jpg,,00579,0.52
crop_0650_f00579_c0.47_55-56min.jpg,,00579,0.47
crop_0651_f00579_c0.43_55-56min.jpg,,00579,0.43
crop_0652_f00580_c0.59_55-56min.jpg,,00580,0.59
crop_0653_f00580_c0.36_55-56min.jpg,,00580,0.36
crop_0654_f00581_c0.52_55-56min.jpg,,00581,0.52
crop_0655_f00581_c0.40_55-56min.jpg,,00581,0.40
crop_0656_f00582_c0.60_55-56min.jpg,,00582,0.60
crop_0657_f00582_c0.50_55-56min.jpg,,00582,0.50
crop_0658_f00583_c0.66_55-56min.jpg,,00583,0.66
crop_0659_f00584_c0.71_55-56min.jpg,,00584,0.71
crop_0660_f00584_c0.44_55-56min.jpg,,00584,0.44
crop_0661_f00585_c0.71_55-56min.jpg,,00585,0.71
crop_0662_f00586_c0.72_55-56min.jpg,,00586,0.72
crop_0663_f00587_c0.70_55-56min.jpg,,00587,0.70
crop_0664_f00588_c0.71_55-56min.jpg,,00588,0.71
crop_0665_f00589_c0.65_55-56min.jpg,,00589,0.65
crop_0666_f00590_c0.59_55-56min.jpg,,00590,0.59
crop_0667_f00591_c0.53_55-56min.jpg,,00591,0.53
crop_0668_f00592_c0.45_55-56min.jpg,,00592,0.45
crop_0669_f00593_c0.42_55-56min.jpg,,00593,0.42
crop_0670_f00594_c0.37_55-56min.jpg,,00594,0.37
crop_0671_f00595_c0.37_55-56min.jpg,,00595,0.37
crop_0672_f00595_c0.35_55-56min.jpg,,00595,0.35
crop_0673_f00596_c0.35_55-56min.jpg,,00596,0.35
crop_0674_f00599_c0.45_55-56min.jpg,,00599,0.45
crop_0675_f00600_c0.49_55-56min.jpg,,00600,0.49
crop_0676_f00600_c0.37_55-56min.jpg,,00600,0.37
crop_0677_f00601_c0.44_55-56min.jpg,,00601,0.44
crop_0678_f00608_c0.50_55-56min.jpg,,00608,0.50
crop_0679_f00608_c0.41_55-56min.jpg,,00608,0.41
crop_0680_f00609_c0.50_55-56min.jpg,,00609,0.50
crop_0681_f00610_c0.41_55-56min.jpg,,00610,0.41
crop_0682_f00611_c0.35_55-56min.jpg,,00611,0.35
crop_0683_f00613_c0.37_55-56min.jpg,,00613,0.37
crop_0684_f00614_c0.38_55-56min.jpg,,00614,0.38
crop_0685_f00615_c0.50_55-56min.jpg,,00615,0.50
crop_0686_f00616_c0.53_55-56min.jpg,,00616,0.53
crop_0687_f00616_c0.43_55-56min.jpg,,00616,0.43
crop_0688_f00616_c0.37_55-56min.jpg,,00616,0.37
crop_0689_f00617_c0.56_55-56min.jpg,,00617,0.56
crop_0690_f00617_c0.40_55-56min.jpg,,00617,0.40
crop_0691_f00617_c0.37_55-56min.jpg,,00617,0.37
crop_0692_f00618_c0.48_55-56min.jpg,,00618,0.48
crop_0693_f00618_c0.44_55-56min.jpg,,00618,0.44
crop_0694_f00619_c0.39_55-56min.jpg,,00619,0.39
crop_0695_f00620_c0.43_55-56min.jpg,,00620,0.43
crop_0696_f00621_c0.54_55-56min.jpg,,00621,0.54
crop_0697_f00621_c0.49_55-56min.jpg,,00621,0.49
crop_0698_f00621_c0.45_55-56min.jpg,,00621,0.45
crop_0699_f00622_c0.61_55-56min.jpg,,00622,0.61
crop_0700_f00622_c0.43_55-56min.jpg,,00622,0.43
crop_0701_f00622_c0.43_55-56min.jpg,,00622,0.43
crop_0702_f00623_c0.64_55-56min.jpg,,00623,0.64
crop_0703_f00624_c0.52_55-56min.jpg,,00624,0.52
crop_0704_f00624_c0.48_55-56min.jpg,,00624,0.48
crop_0705_f00624_c0.43_55-56min.jpg,,00624,0.43
crop_0706_f00625_c0.48_55-56min.jpg,,00625,0.48
crop_0707_f00625_c0.48_55-56min.jpg,,00625,0.48
crop_0708_f00625_c0.47_55-56min.jpg,,00625,0.47
crop_0709_f00625_c0.37_55-56min.jpg,,00625,0.37
crop_0710_f00626_c0.57_55-56min.jpg,,00626,0.57
crop_0711_f00626_c0.50_55-56min.jpg,,00626,0.50
crop_0712_f00626_c0.41_55-56min.jpg,,00626,0.41
crop_0713_f00627_c0.53_55-56min.jpg,,00627,0.53
crop_0714_f00627_c0.44_55-56min.jpg,,00627,0.44
crop_0715_f00627_c0.44_55-56min.jpg,,00627,0.44
crop_0716_f00627_c0.37_55-56min.jpg,,00627,0.37
crop_0717_f00628_c0.44_55-56min.jpg,,00628,0.44
crop_0718_f00629_c0.58_55-56min.jpg,,00629,0.58
crop_0719_f00630_c0.67_55-56min.jpg,,00630,0.67
crop_0720_f00630_c0.37_55-56min.jpg,,00630,0.37
crop_0721_f00631_c0.46_55-56min.jpg,,00631,0.46
crop_0722_f00631_c0.38_55-56min.jpg,,00631,0.38
crop_0723_f00632_c0.62_55-56min.jpg,,00632,0.62
crop_0724_f00632_c0.36_55-56min.jpg,,00632,0.36
crop_0725_f00632_c0.36_55-56min.jpg,,00632,0.36
crop_0726_f00633_c0.70_55-56min.jpg,,00633,0.70
crop_0727_f00634_c0.68_55-56min.jpg,,00634,0.68
crop_0728_f00635_c0.75_55-56min.jpg,,00635,0.75
crop_0729_f00635_c0.47_55-56min.jpg,,00635,0.47
crop_0730_f00636_c0.58_55-56min.jpg,,00636,0.58
crop_0731_f00637_c0.76_55-56min.jpg,,00637,0.76
crop_0732_f00637_c0.37_55-56min.jpg,,00637,0.37
crop_0733_f00638_c0.52_55-56min.jpg,,00638,0.52
crop_0734_f00639_c0.75_55-56min.jpg,,00639,0.75
crop_0735_f00640_c0.41_55-56min.jpg,,00640,0.41
crop_0736_f00641_c0.71_55-56min.jpg,,00641,0.71
crop_0737_f00642_c0.51_55-56min.jpg,,00642,0.51
crop_0738_f00642_c0.35_55-56min.jpg,,00642,0.35
crop_0739_f00642_c0.35_55-56min.jpg,,00642,0.35
crop_0740_f00643_c0.70_55-56min.jpg,,00643,0.70
crop_0741_f00643_c0.48_55-56min.jpg,,00643,0.48
crop_0742_f00644_c0.56_55-56min.jpg,,00644,0.56
crop_0743_f00644_c0.43_55-56min.jpg,,00644,0.43
crop_0744_f00644_c0.38_55-56min.jpg,,00644,0.38
crop_0745_f00645_c0.69_55-56min.jpg,,00645,0.69
crop_0746_f00645_c0.49_55-56min.jpg,,00645,0.49
crop_0747_f00645_c0.41_55-56min.jpg,,00645,0.41
crop_0748_f00645_c0.40_55-56min.jpg,,00645,0.40
crop_0749_f00645_c0.35_55-56min.jpg,,00645,0.35
crop_0750_f00646_c0.50_55-56min.jpg,,00646,0.50
crop_0751_f00646_c0.49_55-56min.jpg,,00646,0.49
crop_0752_f00646_c0.39_55-56min.jpg,,00646,0.39
crop_0753_f00647_c0.63_55-56min.jpg,,00647,0.63
crop_0754_f00647_c0.59_55-56min.jpg,,00647,0.59
crop_0755_f00648_c0.62_55-56min.jpg,,00648,0.62
crop_0756_f00648_c0.54_55-56min.jpg,,00648,0.54
crop_0757_f00649_c0.53_55-56min.jpg,,00649,0.53
crop_0758_f00650_c0.59_55-56min.jpg,,00650,0.59
crop_0759_f00650_c0.54_55-56min.jpg,,00650,0.54
crop_0760_f00650_c0.37_55-56min.jpg,,00650,0.37
crop_0761_f00651_c0.60_55-56min.jpg,,00651,0.60
crop_0762_f00651_c0.55_55-56min.jpg,,00651,0.55
crop_0763_f00652_c0.59_55-56min.jpg,,00652,0.59
crop_0764_f00652_c0.53_55-56min.jpg,,00652,0.53
crop_0765_f00652_c0.47_55-56min.jpg,,00652,0.47
crop_0766_f00653_c0.59_55-56min.jpg,,00653,0.59
crop_0767_f00653_c0.58_55-56min.jpg,,00653,0.58
crop_0768_f00653_c0.45_55-56min.jpg,,00653,0.45
crop_0769_f00654_c0.66_55-56min.jpg,,00654,0.66
crop_0770_f00654_c0.58_55-56min.jpg,,00654,0.58
crop_0771_f00654_c0.48_55-56min.jpg,,00654,0.48
crop_0772_f00655_c0.67_55-56min.jpg,,00655,0.67
crop_0773_f00655_c0.47_55-56min.jpg,,00655,0.47
crop_0774_f00655_c0.41_55-56min.jpg,,00655,0.41
crop_0775_f00656_c0.63_55-56min.jpg,,00656,0.63
crop_0776_f00656_c0.51_55-56min.jpg,,00656,0.51
crop_0777_f00657_c0.57_55-56min.jpg,,00657,0.57
crop_0778_f00657_c0.57_55-56min.jpg,,00657,0.57
crop_0779_f00658_c0.54_55-56min.jpg,,00658,0.54
crop_0780_f00658_c0.53_55-56min.jpg,,00658,0.53
crop_0781_f00659_c0.48_55-56min.jpg,,00659,0.48
crop_0782_f00659_c0.44_55-56min.jpg,,00659,0.44
crop_0783_f00661_c0.36_55-56min.jpg,,00661,0.36
crop_0784_f00662_c0.41_55-56min.jpg,,00662,0.41
crop_0785_f00662_c0.39_55-56min.jpg,,00662,0.39
crop_0786_f00663_c0.40_55-56min.jpg,,00663,0.40
crop_0787_f00664_c0.47_55-56min.jpg,,00664,0.47
crop_0788_f00664_c0.37_55-56min.jpg,,00664,0.37
crop_0789_f00665_c0.47_55-56min.jpg,,00665,0.47
crop_0790_f00666_c0.48_55-56min.jpg,,00666,0.48
crop_0791_f00679_c0.40_55-56min.jpg,,00679,0.40
crop_0792_f00692_c0.55_55-56min.jpg,,00692,0.55
crop_0793_f00692_c0.38_55-56min.jpg,,00692,0.38
crop_0794_f00714_c0.53_55-56min.jpg,,00714,0.53
crop_0795_f00716_c0.52_55-56min.jpg,,00716,0.52
crop_0796_f00721_c0.36_55-56min.jpg,,00721,0.36
crop_0797_f00724_c0.41_55-56min.jpg,,00724,0.41
crop_0798_f00725_c0.36_55-56min.jpg,,00725,0.36
crop_0799_f00726_c0.55_55-56min.jpg,,00726,0.55
crop_0800_f00728_c0.36_55-56min.jpg,,00728,0.36
crop_0801_f00730_c0.67_55-56min.jpg,,00730,0.67
crop_0802_f00730_c0.52_55-56min.jpg,,00730,0.52
crop_0803_f00731_c0.60_55-56min.jpg,,00731,0.60
crop_0804_f00732_c0.58_55-56min.jpg,,00732,0.58
crop_0805_f00732_c0.43_55-56min.jpg,,00732,0.43
crop_0806_f00733_c0.43_55-56min.jpg,,00733,0.43
crop_0807_f00733_c0.42_55-56min.jpg,,00733,0.42
crop_0808_f00733_c0.36_55-56min.jpg,,00733,0.36
crop_0809_f00734_c0.45_55-56min.jpg,,00734,0.45
crop_0810_f00736_c0.39_55-56min.jpg,,00736,0.39
crop_0811_f00738_c0.39_55-56min.jpg,,00738,0.39
crop_0812_f00740_c0.41_55-56min.jpg,,00740,0.41
crop_0813_f00743_c0.36_55-56min.jpg,,00743,0.36
crop_0814_f00752_c0.38_55-56min.jpg,,00752,0.38
crop_0815_f00755_c0.45_55-56min.jpg,,00755,0.45
crop_0816_f00757_c0.37_55-56min.jpg,,00757,0.37
crop_0817_f00758_c0.35_55-56min.jpg,,00758,0.35
crop_0818_f00759_c0.39_55-56min.jpg,,00759,0.39
crop_0819_f00761_c0.39_55-56min.jpg,,00761,0.39
crop_0820_f00762_c0.50_55-56min.jpg,,00762,0.50
crop_0821_f00790_c0.51_55-56min.jpg,,00790,0.51
crop_0822_f00793_c0.44_55-56min.jpg,,00793,0.44
crop_0823_f00796_c0.66_55-56min.jpg,,00796,0.66
crop_0824_f00797_c0.52_55-56min.jpg,,00797,0.52
crop_0825_f00801_c0.57_55-56min.jpg,,00801,0.57
crop_0826_f00804_c0.52_55-56min.jpg,,00804,0.52
crop_0827_f00806_c0.36_55-56min.jpg,,00806,0.36
crop_0828_f00807_c0.53_55-56min.jpg,,00807,0.53
crop_0829_f00808_c0.52_55-56min.jpg,,00808,0.52
crop_0830_f00809_c0.45_55-56min.jpg,,00809,0.45
crop_0831_f00812_c0.35_55-56min.jpg,,00812,0.35
crop_0832_f00816_c0.37_55-56min.jpg,,00816,0.37
crop_0833_f00818_c0.53_55-56min.jpg,,00818,0.53
crop_0834_f00830_c0.39_55-56min.jpg,,00830,0.39
crop_0835_f00842_c0.38_55-56min.jpg,,00842,0.38
crop_0836_f00843_c0.38_55-56min.jpg,,00843,0.38
crop_0837_f00844_c0.41_55-56min.jpg,,00844,0.41
crop_0838_f00845_c0.43_55-56min.jpg,,00845,0.43
crop_0839_f00845_c0.39_55-56min.jpg,,00845,0.39
crop_0840_f00846_c0.44_55-56min.jpg,,00846,0.44
crop_0841_f00847_c0.45_55-56min.jpg,,00847,0.45
crop_0842_f00848_c0.46_55-56min.jpg,,00848,0.46
crop_0843_f00849_c0.41_55-56min.jpg,,00849,0.41
crop_0844_f00850_c0.36_55-56min.jpg,,00850,0.36
crop_0845_f00857_c0.36_55-56min.jpg,,00857,0.36
crop_0846_f00858_c0.38_55-56min.jpg,,00858,0.38
crop_0847_f00860_c0.48_55-56min.jpg,,00860,0.48
crop_0848_f00861_c0.51_55-56min.jpg,,00861,0.51
crop_0849_f00868_c0.46_55-56min.jpg,,00868,0.46
crop_0850_f00871_c0.36_55-56min.jpg,,00871,0.36
crop_0851_f00873_c0.41_55-56min.jpg,,00873,0.41
crop_0852_f00874_c0.48_55-56min.jpg,,00874,0.48
crop_0853_f00874_c0.41_55-56min.jpg,,00874,0.41
crop_0854_f00875_c0.53_55-56min.jpg,,00875,0.53
crop_0855_f00875_c0.47_55-56min.jpg,,00875,0.47
crop_0856_f00876_c0.51_55-56min.jpg,,00876,0.51
crop_0857_f00876_c0.50_55-56min.jpg,,00876,0.50
crop_0858_f00877_c0.51_55-56min.jpg,,00877,0.51
crop_0859_f00877_c0.46_55-56min.jpg,,00877,0.46
crop_0860_f00878_c0.47_55-56min.jpg,,00878,0.47
crop_0861_f00879_c0.50_55-56min.jpg,,00879,0.50
crop_0862_f00880_c0.50_55-56min.jpg,,00880,0.50
crop_0863_f00881_c0.48_55-56min.jpg,,00881,0.48
crop_0864_f00881_c0.44_55-56min.jpg,,00881,0.44
crop_0865_f00882_c0.44_55-56min.jpg,,00882,0.44
crop_0866_f00882_c0.40_55-56min.jpg,,00882,0.40
crop_0867_f00883_c0.49_55-56min.jpg,,00883,0.49
crop_0868_f00883_c0.38_55-56min.jpg,,00883,0.38
crop_0869_f00884_c0.53_55-56min.jpg,,00884,0.53
crop_0870_f00884_c0.43_55-56min.jpg,,00884,0.43
crop_0871_f00885_c0.58_55-56min.jpg,,00885,0.58
crop_0872_f00885_c0.47_55-56min.jpg,,00885,0.47
crop_0873_f00885_c0.37_55-56min.jpg,,00885,0.37
crop_0874_f00886_c0.57_55-56min.jpg,,00886,0.57
crop_0875_f00886_c0.47_55-56min.jpg,,00886,0.47
crop_0876_f00887_c0.54_55-56min.jpg,,00887,0.54
crop_0877_f00887_c0.47_55-56min.jpg,,00887,0.47
crop_0878_f00888_c0.49_55-56min.jpg,,00888,0.49
crop_0879_f00888_c0.47_55-56min.jpg,,00888,0.47
crop_0880_f00888_c0.41_55-56min.jpg,,00888,0.41
crop_0881_f00888_c0.39_55-56min.jpg,,00888,0.39
crop_0882_f00889_c0.48_55-56min.jpg,,00889,0.48
crop_0883_f00889_c0.43_55-56min.jpg,,00889,0.43
crop_0884_f00890_c0.48_55-56min.jpg,,00890,0.48
crop_0885_f00890_c0.42_55-56min.jpg,,00890,0.42
crop_0886_f00891_c0.45_55-56min.jpg,,00891,0.45
crop_0887_f00891_c0.36_55-56min.jpg,,00891,0.36
crop_0888_f00892_c0.45_55-56min.jpg,,00892,0.45
crop_0889_f00892_c0.42_55-56min.jpg,,00892,0.42
crop_0890_f00892_c0.35_55-56min.jpg,,00892,0.35
crop_0891_f00893_c0.44_55-56min.jpg,,00893,0.44
crop_0892_f00893_c0.43_55-56min.jpg,,00893,0.43
crop_0893_f00893_c0.36_55-56min.jpg,,00893,0.36
crop_0894_f00894_c0.41_55-56min.jpg,,00894,0.41
crop_0895_f00894_c0.40_55-56min.jpg,,00894,0.40
crop_0896_f00894_c0.39_55-56min.jpg,,00894,0.39
crop_0897_f00895_c0.41_55-56min.jpg,,00895,0.41
crop_0898_f00895_c0.37_55-56min.jpg,,00895,0.37
crop_0899_f00896_c0.49_55-56min.jpg,,00896,0.49
crop_0900_f00896_c0.41_55-56min.jpg,,00896,0.41
crop_0901_f00896_c0.40_55-56min.jpg,,00896,0.40
crop_0902_f00897_c0.49_55-56min.jpg,,00897,0.49
crop_0903_f00897_c0.40_55-56min.jpg,,00897,0.40
crop_0904_f00897_c0.37_55-56min.jpg,,00897,0.37
crop_0905_f00898_c0.43_55-56min.jpg,,00898,0.43
crop_0906_f00898_c0.38_55-56min.jpg,,00898,0.38
crop_0907_f00899_c0.36_55-56min.jpg,,00899,0.36
crop_0908_f00904_c0.39_55-56min.jpg,,00904,0.39
crop_0909_f00905_c0.52_55-56min.jpg,,00905,0.52
crop_0910_f00906_c0.45_55-56min.jpg,,00906,0.45
crop_0911_f00907_c0.45_55-56min.jpg,,00907,0.45
crop_0912_f00912_c0.37_55-56min.jpg,,00912,0.37
crop_0913_f00917_c0.40_55-56min.jpg,,00917,0.40
crop_0914_f00918_c0.49_55-56min.jpg,,00918,0.49
crop_0915_f00918_c0.40_55-56min.jpg,,00918,0.40
crop_0916_f00919_c0.41_55-56min.jpg,,00919,0.41
crop_0917_f00919_c0.37_55-56min.jpg,,00919,0.37
crop_0918_f00919_c0.36_55-56min.jpg,,00919,0.36
crop_0919_f00920_c0.37_55-56min.jpg,,00920,0.37
crop_0920_f00920_c0.36_55-56min.jpg,,00920,0.36
crop_0921_f00921_c0.39_55-56min.jpg,,00921,0.39
crop_0922_f00922_c0.40_55-56min.jpg,,00922,0.40
crop_0923_f00923_c0.42_55-56min.jpg,,00923,0.42
crop_0924_f00924_c0.44_55-56min.jpg,,00924,0.44
crop_0925_f00925_c0.45_55-56min.jpg,,00925,0.45
crop_0926_f00925_c0.41_55-56min.jpg,,00925,0.41
crop_0927_f00926_c0.45_55-56min.jpg,,00926,0.45
crop_0928_f00927_c0.46_55-56min.jpg,,00927,0.46
crop_0929_f00928_c0.46_55-56min.jpg,,00928,0.46
crop_0930_f00929_c0.47_55-56min.jpg,,00929,0.47
crop_0931_f00930_c0.46_55-56min.jpg,,00930,0.46
crop_0932_f00931_c0.44_55-56min.jpg,,00931,0.44
crop_0933_f00932_c0.47_55-56min.jpg,,00932,0.47
crop_0934_f00933_c0.47_55-56min.jpg,,00933,0.47
crop_0935_f00934_c0.46_55-56min.jpg,,00934,0.46
crop_0936_f00934_c0.37_55-56min.jpg,,00934,0.37
crop_0937_f00935_c0.49_55-56min.jpg,,00935,0.49
crop_0938_f00935_c0.47_55-56min.jpg,,00935,0.47
crop_0939_f00935_c0.36_55-56min.jpg,,00935,0.36
crop_0940_f00936_c0.47_55-56min.jpg,,00936,0.47
crop_0941_f00937_c0.49_55-56min.jpg,,00937,0.49
crop_0942_f00938_c0.50_55-56min.jpg,,00938,0.50
crop_0943_f00938_c0.35_55-56min.jpg,,00938,0.35
crop_0944_f00939_c0.51_55-56min.jpg,,00939,0.51
crop_0945_f00939_c0.36_55-56min.jpg,,00939,0.36
crop_0946_f00940_c0.52_55-56min.jpg,,00940,0.52
crop_0947_f00940_c0.42_55-56min.jpg,,00940,0.42
crop_0948_f00940_c0.40_55-56min.jpg,,00940,0.40
crop_0949_f00940_c0.35_55-56min.jpg,,00940,0.35
crop_0950_f00941_c0.50_55-56min.jpg,,00941,0.50
crop_0951_f00942_c0.50_55-56min.jpg,,00942,0.50
crop_0952_f00942_c0.37_55-56min.jpg,,00942,0.37
crop_0953_f00943_c0.50_55-56min.jpg,,00943,0.50
crop_0954_f00944_c0.51_55-56min.jpg,,00944,0.51
crop_0955_f00945_c0.50_55-56min.jpg,,00945,0.50
crop_0956_f00946_c0.50_55-56min.jpg,,00946,0.50
crop_0957_f00947_c0.50_55-56min.jpg,,00947,0.50
crop_0958_f00947_c0.46_55-56min.jpg,,00947,0.46
crop_0959_f00948_c0.50_55-56min.jpg,,00948,0.50
crop_0960_f00948_c0.50_55-56min.jpg,,00948,0.50
crop_0961_f00949_c0.68_55-56min.jpg,,00949,0.68
crop_0962_f00949_c0.50_55-56min.jpg,,00949,0.50
crop_0963_f00950_c0.51_55-56min.jpg,,00950,0.51
crop_0964_f00951_c0.51_55-56min.jpg,,00951,0.51
crop_0965_f00952_c0.50_55-56min.jpg,,00952,0.50
crop_0966_f00953_c0.50_55-56min.jpg,,00953,0.50
crop_0967_f00953_c0.48_55-56min.jpg,,00953,0.48
crop_0968_f00954_c0.50_55-56min.jpg,,00954,0.50
crop_0969_f00954_c0.42_55-56min.jpg,,00954,0.42
crop_0970_f00955_c0.50_55-56min.jpg,,00955,0.50
crop_0971_f00955_c0.40_55-56min.jpg,,00955,0.40
crop_0972_f00956_c0.50_55-56min.jpg,,00956,0.50
crop_0973_f00957_c0.52_55-56min.jpg,,00957,0.52
crop_0974_f00957_c0.38_55-56min.jpg,,00957,0.38
crop_0975_f00959_c0.51_55-56min.jpg,,00959,0.51
crop_0976_f00959_c0.45_55-56min.jpg,,00959,0.45
crop_0977_f00959_c0.42_55-56min.jpg,,00959,0.42
crop_0978_f00959_c0.39_55-56min.jpg,,00959,0.39
crop_0979_f00960_c0.54_55-56min.jpg,,00960,0.54
crop_0980_f00960_c0.37_55-56min.jpg,,00960,0.37
crop_0981_f00960_c0.37_55-56min.jpg,,00960,0.37
crop_0982_f00961_c0.46_55-56min.jpg,,00961,0.46
crop_0983_f00961_c0.41_55-56min.jpg,,00961,0.41
crop_0984_f00961_c0.38_55-56min.jpg,,00961,0.38
crop_0985_f00962_c0.43_55-56min.jpg,,00962,0.43
crop_0986_f00962_c0.36_55-56min.jpg,,00962,0.36
crop_0987_f00962_c0.36_55-56min.jpg,,00962,0.36
crop_0988_f00963_c0.41_55-56min.jpg,,00963,0.41
crop_0989_f00964_c0.43_55-56min.jpg,,00964,0.43
crop_0990_f00965_c0.47_55-56min.jpg,,00965,0.47
crop_0991_f00965_c0.41_55-56min.jpg,,00965,0.41
crop_0992_f00965_c0.36_55-56min.jpg,,00965,0.36
crop_0993_f00966_c0.52_55-56min.jpg,,00966,0.52
crop_0994_f00966_c0.42_55-56min.jpg,,00966,0.42
crop_0995_f00966_c0.39_55-56min.jpg,,00966,0.39
crop_0996_f00967_c0.58_55-56min.jpg,,00967,0.58
crop_0997_f00967_c0.51_55-56min.jpg,,00967,0.51
crop_0998_f00967_c0.45_55-56min.jpg,,00967,0.45
crop_0999_f00967_c0.44_55-56min.jpg,,00967,0.44
crop_1000_f00967_c0.41_55-56min.jpg,,00967,0.41
crop_1001_f00968_c0.54_55-56min.jpg,,00968,0.54
crop_1002_f00968_c0.53_55-56min.jpg,,00968,0.53
crop_1003_f00968_c0.48_55-56min.jpg,,00968,0.48
crop_1004_f00968_c0.47_55-56min.jpg,,00968,0.47
crop_1005_f00968_c0.45_55-56min.jpg,,00968,0.45
crop_1006_f00968_c0.44_55-56min.jpg,,00968,0.44
crop_1007_f00968_c0.38_55-56min.jpg,,00968,0.38
crop_1008_f00969_c0.65_55-56min.jpg,,00969,0.65
crop_1009_f00969_c0.57_55-56min.jpg,,00969,0.57
crop_1010_f00969_c0.48_55-56min.jpg,,00969,0.48
crop_1011_f00969_c0.44_55-56min.jpg,,00969,0.44
crop_1012_f00969_c0.35_55-56min.jpg,,00969,0.35
crop_1013_f00970_c0.71_55-56min.jpg,,00970,0.71
crop_1014_f00970_c0.70_55-56min.jpg,,00970,0.70
crop_1015_f00970_c0.62_55-56min.jpg,,00970,0.62
crop_1016_f00970_c0.53_55-56min.jpg,,00970,0.53
crop_1017_f00970_c0.49_55-56min.jpg,,00970,0.49
crop_1018_f00971_c0.59_55-56min.jpg,,00971,0.59
crop_1019_f00971_c0.56_55-56min.jpg,,00971,0.56
crop_1020_f00971_c0.54_55-56min.jpg,,00971,0.54
crop_1021_f00971_c0.46_55-56min.jpg,,00971,0.46
crop_1022_f00971_c0.44_55-56min.jpg,,00971,0.44
crop_1023_f00971_c0.42_55-56min.jpg,,00971,0.42
crop_1024_f00971_c0.36_55-56min.jpg,,00971,0.36
crop_1025_f00972_c0.51_55-56min.jpg,,00972,0.51
crop_1026_f00972_c0.48_55-56min.jpg,,00972,0.48
crop_1027_f00972_c0.39_55-56min.jpg,,00972,0.39
crop_1028_f00972_c0.36_55-56min.jpg,,00972,0.36
crop_1029_f00972_c0.35_55-56min.jpg,,00972,0.35
crop_1030_f00973_c0.58_55-56min.jpg,,00973,0.58
crop_1031_f00973_c0.53_55-56min.jpg,,00973,0.53
crop_1032_f00973_c0.53_55-56min.jpg,,00973,0.53
crop_1033_f00973_c0.49_55-56min.jpg,,00973,0.49
crop_1034_f00973_c0.46_55-56min.jpg,,00973,0.46
crop_1035_f00973_c0.39_55-56min.jpg,,00973,0.39
crop_1036_f00974_c0.68_55-56min.jpg,,00974,0.68
crop_1037_f00974_c0.50_55-56min.jpg,,00974,0.50
crop_1038_f00974_c0.48_55-56min.jpg,,00974,0.48
crop_1039_f00974_c0.47_55-56min.jpg,,00974,0.47
crop_1040_f00974_c0.40_55-56min.jpg,,00974,0.40
crop_1041_f00975_c0.59_55-56min.jpg,,00975,0.59
crop_1042_f00975_c0.53_55-56min.jpg,,00975,0.53
crop_1043_f00975_c0.37_55-56min.jpg,,00975,0.37
crop_1044_f00976_c0.70_55-56min.jpg,,00976,0.70
crop_1045_f00976_c0.58_55-56min.jpg,,00976,0.58
crop_1046_f00976_c0.46_55-56min.jpg,,00976,0.46
crop_1047_f00976_c0.36_55-56min.jpg,,00976,0.36
crop_1048_f00977_c0.41_55-56min.jpg,,00977,0.41
crop_1049_f00977_c0.39_55-56min.jpg,,00977,0.39
crop_1050_f00977_c0.38_55-56min.jpg,,00977,0.38
crop_1051_f00977_c0.37_55-56min.jpg,,00977,0.37
crop_1052_f00977_c0.36_55-56min.jpg,,00977,0.36
crop_1053_f00977_c0.36_55-56min.jpg,,00977,0.36
crop_1054_f00978_c0.49_55-56min.jpg,,00978,0.49
crop_1055_f00978_c0.43_55-56min.jpg,,00978,0.43
crop_1056_f00978_c0.40_55-56min.jpg,,00978,0.40
crop_1057_f00979_c0.54_55-56min.jpg,,00979,0.54
crop_1058_f00980_c0.61_55-56min.jpg,,00980,0.61
crop_1059_f00980_c0.47_55-56min.jpg,,00980,0.47
crop_1060_f00980_c0.37_55-56min.jpg,,00980,0.37
crop_1061_f00981_c0.63_55-56min.jpg,,00981,0.63
crop_1062_f00981_c0.48_55-56min.jpg,,00981,0.48
crop_1063_f00981_c0.44_55-56min.jpg,,00981,0.44
crop_1064_f00982_c0.45_55-56min.jpg,,00982,0.45
crop_1065_f00982_c0.41_55-56min.jpg,,00982,0.41
crop_1066_f00982_c0.37_55-56min.jpg,,00982,0.37
crop_1067_f00982_c0.37_55-56min.jpg,,00982,0.37
crop_1068_f00983_c0.60_55-56min.jpg,,00983,0.60
crop_1069_f00983_c0.36_55-56min.jpg,,00983,0.36
crop_1070_f00984_c0.56_55-56min.jpg,,00984,0.56
crop_1071_f00984_c0.55_55-56min.jpg,,00984,0.55
crop_1072_f00984_c0.44_55-56min.jpg,,00984,0.44
crop_1073_f00984_c0.43_55-56min.jpg,,00984,0.43
crop_1074_f00985_c0.43_55-56min.jpg,,00985,0.43
crop_1075_f00985_c0.36_55-56min.jpg,,00985,0.36
crop_1076_f00986_c0.54_55-56min.jpg,,00986,0.54
crop_1077_f00986_c0.44_55-56min.jpg,,00986,0.44
crop_1078_f00987_c0.64_55-56min.jpg,,00987,0.64
crop_1079_f00987_c0.40_55-56min.jpg,,00987,0.40
crop_1080_f00988_c0.65_55-56min.jpg,,00988,0.65
crop_1081_f00988_c0.53_55-56min.jpg,,00988,0.53
crop_1082_f00988_c0.36_55-56min.jpg,,00988,0.36
crop_1083_f00989_c0.52_55-56min.jpg,,00989,0.52
crop_1084_f00989_c0.43_55-56min.jpg,,00989,0.43
crop_1085_f00989_c0.40_55-56min.jpg,,00989,0.40
crop_1086_f00990_c0.53_55-56min.jpg,,00990,0.53
crop_1087_f00990_c0.49_55-56min.jpg,,00990,0.49
crop_1088_f00990_c0.46_55-56min.jpg,,00990,0.46
crop_1089_f00990_c0.39_55-56min.jpg,,00990,0.39
crop_1090_f00991_c0.65_55-56min.jpg,,00991,0.65
crop_1091_f00991_c0.50_55-56min.jpg,,00991,0.50
crop_1092_f00992_c0.53_55-56min.jpg,,00992,0.53
crop_1093_f00992_c0.52_55-56min.jpg,,00992,0.52
crop_1094_f00993_c0.48_55-56min.jpg,,00993,0.48
crop_1095_f00994_c0.57_55-56min.jpg,,00994,0.57
crop_1096_f00994_c0.43_55-56min.jpg,,00994,0.43
crop_1097_f00995_c0.43_55-56min.jpg,,00995,0.43
crop_1098_f00995_c0.40_55-56min.jpg,,00995,0.40
crop_1099_f00996_c0.52_55-56min.jpg,,00996,0.52
crop_1100_f00996_c0.38_55-56min.jpg,,00996,0.38
crop_1101_f00997_c0.54_55-56min.jpg,,00997,0.54
crop_1102_f00999_c0.61_55-56min.jpg,,00999,0.61
crop_1103_f01000_c0.54_55-56min.jpg,,01000,0.54
crop_1104_f01001_c0.41_55-56min.jpg,,01001,0.41
crop_1105_f01002_c0.46_55-56min.jpg,,01002,0.46
crop_1106_f01003_c0.58_55-56min.jpg,,01003,0.58
crop_1107_f01003_c0.38_55-56min.jpg,,01003,0.38
crop_1108_f01004_c0.60_55-56min.jpg,,01004,0.60
crop_1109_f01005_c0.60_55-56min.jpg,,01005,0.60
crop_1110_f01005_c0.45_55-56min.jpg,,01005,0.45
crop_1111_f01006_c0.50_55-56min.jpg,,01006,0.50
crop_1112_f01012_c0.40_55-56min.jpg,,01012,0.40
crop_1113_f01013_c0.52_55-56min.jpg,,01013,0.52
crop_1114_f01013_c0.47_55-56min.jpg,,01013,0.47
crop_1115_f01014_c0.54_55-56min.jpg,,01014,0.54
crop_1116_f01015_c0.42_55-56min.jpg,,01015,0.42
crop_1117_f01015_c0.39_55-56min.jpg,,01015,0.39
crop_1118_f01016_c0.46_55-56min.jpg,,01016,0.46
crop_1119_f01018_c0.64_55-56min.jpg,,01018,0.64
crop_1120_f01018_c0.44_55-56min.jpg,,01018,0.44
crop_1121_f01019_c0.55_55-56min.jpg,,01019,0.55
crop_1122_f01020_c0.36_55-56min.jpg,,01020,0.36
crop_1123_f01021_c0.38_55-56min.jpg,,01021,0.38
crop_1124_f01022_c0.46_55-56min.jpg,,01022,0.46
crop_1125_f01023_c0.43_55-56min.jpg,,01023,0.43
crop_1126_f01024_c0.51_55-56min.jpg,,01024,0.51
crop_1127_f01024_c0.36_55-56min.jpg,,01024,0.36
crop_1128_f01024_c0.35_55-56min.jpg,,01024,0.35
crop_1129_f01026_c0.36_55-56min.jpg,,01026,0.36
crop_1130_f01027_c0.53_55-56min.jpg,,01027,0.53
crop_1131_f01028_c0.43_55-56min.jpg,,01028,0.43
crop_1132_f01028_c0.38_55-56min.jpg,,01028,0.38
crop_1133_f01029_c0.58_55-56min.jpg,,01029,0.58
crop_1134_f01030_c0.44_55-56min.jpg,,01030,0.44
crop_1135_f01031_c0.59_55-56min.jpg,,01031,0.59
crop_1136_f01031_c0.47_55-56min.jpg,,01031,0.47
crop_1137_f01032_c0.50_55-56min.jpg,,01032,0.50
crop_1138_f01033_c0.36_55-56min.jpg,,01033,0.36
crop_1139_f01034_c0.43_55-56min.jpg,,01034,0.43
crop_1140_f01035_c0.46_55-56min.jpg,,01035,0.46
crop_1141_f01036_c0.48_55-56min.jpg,,01036,0.48
crop_1142_f01037_c0.53_55-56min.jpg,,01037,0.53
crop_1143_f01037_c0.39_55-56min.jpg,,01037,0.39
crop_1144_f01038_c0.53_55-56min.jpg,,01038,0.53
crop_1145_f01038_c0.49_55-56min.jpg,,01038,0.49
crop_1146_f01039_c0.59_55-56min.jpg,,01039,0.59
crop_1147_f01039_c0.50_55-56min.jpg,,01039,0.50
crop_1148_f01040_c0.59_55-56min.jpg,,01040,0.59
crop_1149_f01040_c0.42_55-56min.jpg,,01040,0.42
crop_1150_f01041_c0.44_55-56min.jpg,,01041,0.44
crop_1151_f01041_c0.37_55-56min.jpg,,01041,0.37
crop_1152_f01042_c0.44_55-56min.jpg,,01042,0.44
crop_1153_f01043_c0.51_55-56min.jpg,,01043,0.51
crop_1154_f01044_c0.59_55-56min.jpg,,01044,0.59
crop_1155_f01045_c0.54_55-56min.jpg,,01045,0.54
crop_1156_f01046_c0.60_55-56min.jpg,,01046,0.60
crop_1157_f01046_c0.43_55-56min.jpg,,01046,0.43
crop_1158_f01047_c0.65_55-56min.jpg,,01047,0.65
crop_1159_f01047_c0.39_55-56min.jpg,,01047,0.39
crop_1160_f01048_c0.51_55-56min.jpg,,01048,0.51
crop_1161_f01048_c0.46_55-56min.jpg,,01048,0.46
crop_1162_f01049_c0.43_55-56min.jpg,,01049,0.43
crop_1163_f01049_c0.35_55-56min.jpg,,01049,0.35
crop_1164_f01050_c0.48_55-56min.jpg,,01050,0.48
crop_1165_f01050_c0.38_55-56min.jpg,,01050,0.38
crop_1166_f01051_c0.55_55-56min.jpg,,01051,0.55
crop_1167_f01051_c0.39_55-56min.jpg,,01051,0.39
crop_1168_f01052_c0.45_55-56min.jpg,,01052,0.45
crop_1169_f01053_c0.50_55-56min.jpg,,01053,0.50
crop_1170_f01054_c0.65_55-56min.jpg,,01054,0.65
crop_1171_f01059_c0.41_55-56min.jpg,,01059,0.41
crop_1172_f01059_c0.41_55-56min.jpg,,01059,0.41
crop_1173_f01066_c0.55_55-56min.jpg,,01066,0.55
crop_1174_f01067_c0.50_55-56min.jpg,,01067,0.50
crop_1175_f01073_c0.39_55-56min.jpg,,01073,0.39
crop_1176_f01078_c0.37_55-56min.jpg,,01078,0.37
crop_1177_f01081_c0.61_55-56min.jpg,,01081,0.61
crop_1178_f01082_c0.55_55-56min.jpg,,01082,0.55
crop_1179_f01083_c0.57_55-56min.jpg,,01083,0.57
crop_1180_f01084_c0.52_55-56min.jpg,,01084,0.52
crop_1181_f01085_c0.51_55-56min.jpg,,01085,0.51
crop_1182_f01086_c0.52_55-56min.jpg,,01086,0.52
crop_1183_f01113_c0.46_55-56min.jpg,,01113,0.46
crop_1184_f01127_c0.59_55-56min.jpg,,01127,0.59
crop_1185_f01190_c0.51_55-56min.jpg,,01190,0.51
crop_1186_f01195_c0.43_55-56min.jpg,,01195,0.43
crop_1187_f01200_c0.40_55-56min.jpg,,01200,0.40
crop_1188_f01206_c0.55_55-56min.jpg,,01206,0.55
crop_1189_f01216_c0.58_55-56min.jpg,,01216,0.58
crop_1190_f01217_c0.57_55-56min.jpg,,01217,0.57
crop_1191_f01220_c0.50_55-56min.jpg,,01220,0.50
crop_1192_f01221_c0.59_55-56min.jpg,,01221,0.59
crop_1193_f01222_c0.48_55-56min.jpg,,01222,0.48
crop_1194_f01223_c0.35_55-56min.jpg,,01223,0.35
crop_1195_f01224_c0.46_55-56min.jpg,,01224,0.46
crop_1196_f01224_c0.40_55-56min.jpg,,01224,0.40
crop_1197_f01225_c0.60_55-56min.jpg,,01225,0.60
crop_1198_f01225_c0.45_55-56min.jpg,,01225,0.45
crop_1199_f01226_c0.66_55-56min.jpg,,01226,0.66
crop_1200_f01240_c0.38_55-56min.jpg,,01240,0.38
crop_1201_f01242_c0.59_55-56min.jpg,,01242,0.59
crop_1202_f01244_c0.52_55-56min.jpg,,01244,0.52
crop_1203_f01245_c0.59_55-56min.jpg,,01245,0.59
crop_1204_f01245_c0.58_55-56min.jpg,,01245,0.58
crop_1205_f01246_c0.60_55-56min.jpg,,01246,0.60
crop_1206_f01247_c0.60_55-56min.jpg,,01247,0.60
crop_1207_f01249_c0.43_55-56min.jpg,,01249,0.43
crop_1208_f01251_c0.67_55-56min.jpg,,01251,0.67
crop_1209_f01252_c0.59_55-56min.jpg,,01252,0.59
crop_1210_f01253_c0.42_55-56min.jpg,,01253,0.42
crop_1211_f01254_c0.46_55-56min.jpg,,01254,0.46
crop_1212_f01254_c0.40_55-56min.jpg,,01254,0.40
crop_1213_f01255_c0.45_55-56min.jpg,,01255,0.45
crop_1214_f01255_c0.37_55-56min.jpg,,01255,0.37
crop_1215_f01256_c0.58_55-56min.jpg,,01256,0.58
crop_1216_f01261_c0.56_55-56min.jpg,,01261,0.56
crop_1217_f01263_c0.63_55-56min.jpg,,01263,0.63
crop_1218_f01263_c0.40_55-56min.jpg,,01263,0.40
crop_1219_f01269_c0.45_55-56min.jpg,,01269,0.45
crop_1220_f01270_c0.38_55-56min.jpg,,01270,0.38
crop_1221_f01271_c0.58_55-56min.jpg,,01271,0.58
crop_1222_f01271_c0.57_55-56min.jpg,,01271,0.57
crop_1223_f01272_c0.52_55-56min.jpg,,01272,0.52
crop_1224_f01272_c0.48_55-56min.jpg,,01272,0.48
crop_1225_f01273_c0.40_55-56min.jpg,,01273,0.40
crop_1226_f01273_c0.40_55-56min.jpg,,01273,0.40
crop_1227_f01274_c0.41_55-56min.jpg,,01274,0.41
crop_1228_f01274_c0.37_55-56min.jpg,,01274,0.37
crop_1229_f01277_c0.55_55-56min.jpg,,01277,0.55
crop_1230_f01278_c0.42_55-56min.jpg,,01278,0.42
crop_1231_f01280_c0.35_55-56min.jpg,,01280,0.35
crop_1232_f01281_c0.48_55-56min.jpg,,01281,0.48
crop_1233_f01283_c0.64_55-56min.jpg,,01283,0.64
crop_1234_f01284_c0.40_55-56min.jpg,,01284,0.40
crop_1235_f01285_c0.51_55-56min.jpg,,01285,0.51
crop_1236_f01286_c0.49_55-56min.jpg,,01286,0.49
crop_1237_f01287_c0.49_55-56min.jpg,,01287,0.49
crop_1238_f01288_c0.46_55-56min.jpg,,01288,0.46
crop_1239_f01290_c0.52_55-56min.jpg,,01290,0.52
crop_1240_f01291_c0.38_55-56min.jpg,,01291,0.38
crop_1241_f01292_c0.39_55-56min.jpg,,01292,0.39
crop_1242_f01293_c0.48_55-56min.jpg,,01293,0.48
crop_1243_f01293_c0.39_55-56min.jpg,,01293,0.39
crop_1244_f01300_c0.54_55-56min.jpg,,01300,0.54
crop_1245_f01305_c0.41_55-56min.jpg,,01305,0.41
crop_1246_f01314_c0.36_55-56min.jpg,,01314,0.36
crop_1247_f01318_c0.39_55-56min.jpg,,01318,0.39
crop_1248_f01319_c0.47_55-56min.jpg,,01319,0.47
crop_1249_f01320_c0.64_55-56min.jpg,,01320,0.64
crop_1250_f01320_c0.43_55-56min.jpg,,01320,0.43
crop_1251_f01321_c0.51_55-56min.jpg,,01321,0.51
crop_1252_f01322_c0.52_55-56min.jpg,,01322,0.52
crop_1253_f01324_c0.41_55-56min.jpg,,01324,0.41
crop_1254_f01325_c0.43_55-56min.jpg,,01325,0.43
crop_1255_f01326_c0.54_55-56min.jpg,,01326,0.54
crop_1256_f01327_c0.50_55-56min.jpg,,01327,0.50
crop_1257_f01328_c0.56_55-56min.jpg,,01328,0.56
crop_1258_f01329_c0.39_55-56min.jpg,,01329,0.39
crop_1259_f01330_c0.40_55-56min.jpg,,01330,0.40
crop_1260_f01333_c0.50_55-56min.jpg,,01333,0.50
crop_1261_f01334_c0.57_55-56min.jpg,,01334,0.57
crop_1262_f01335_c0.46_55-56min.jpg,,01335,0.46
crop_1263_f01336_c0.46_55-56min.jpg,,01336,0.46
crop_1264_f01343_c0.38_55-56min.jpg,,01343,0.38
crop_1265_f01358_c0.56_55-56min.jpg,,01358,0.56
crop_1266_f01359_c0.57_55-56min.jpg,,01359,0.57
crop_1267_f01360_c0.37_55-56min.jpg,,01360,0.37
crop_1268_f01369_c0.39_55-56min.jpg,,01369,0.39
crop_1269_f01369_c0.35_55-56min.jpg,,01369,0.35
crop_1270_f01375_c0.59_55-56min.jpg,,01375,0.59
crop_1271_f01375_c0.47_55-56min.jpg,,01375,0.47
crop_1272_f01376_c0.60_55-56min.jpg,,01376,0.60
crop_1273_f01376_c0.51_55-56min.jpg,,01376,0.51
crop_1274_f01389_c0.35_55-56min.jpg,,01389,0.35
crop_1275_f01390_c0.63_55-56min.jpg,,01390,0.63
crop_1276_f01391_c0.50_55-56min.jpg,,01391,0.50
crop_1277_f01392_c0.48_55-56min.jpg,,01392,0.48
crop_1278_f01393_c0.66_55-56min.jpg,,01393,0.66
crop_1279_f01394_c0.56_55-56min.jpg,,01394,0.56
crop_1280_f01395_c0.35_55-56min.jpg,,01395,0.35
crop_1281_f01405_c0.44_55-56min.jpg,,01405,0.44
crop_1282_f01406_c0.41_55-56min.jpg,,01406,0.41
crop_1283_f01420_c0.40_55-56min.jpg,,01420,0.40
crop_1284_f01421_c0.54_55-56min.jpg,,01421,0.54
crop_1285_f01422_c0.41_55-56min.jpg,,01422,0.41
crop_1286_f01447_c0.40_55-56min.jpg,,01447,0.40
crop_1287_f01448_c0.59_55-56min.jpg,,01448,0.59
crop_1288_f01449_c0.53_55-56min.jpg,,01449,0.53
crop_1289_f01450_c0.44_55-56min.jpg,,01450,0.44
crop_1290_f01461_c0.42_55-56min.jpg,,01461,0.42
